<?xml version="1.0" encoding="UTF-8"?>
<project-private xmlns="http://www.netbeans.org/ns/project-private/1">
    <editor-bookmarks xmlns="http://www.netbeans.org/ns/editor-bookmarks/2" lastBookmarkId="0"/>
    <open-files xmlns="http://www.netbeans.org/ns/projectui-open-files/2">
        <group>
            <file>file:/C:/Users/tasad/Documents/NetBeansProjects/ONLINE%20SHOPPING/src/connection/myconnection.java</file>
            <file>file:/C:/Users/tasad/Documents/NetBeansProjects/ONLINE%20SHOPPING/src/user/userAccount.java</file>
            <file>file:/C:/Users/tasad/Documents/NetBeansProjects/ONLINE%20SHOPPING/src/user/purchase.java</file>
            <file>file:/C:/Users/tasad/Documents/NetBeansProjects/ONLINE%20SHOPPING/src/user/productDetails.java</file>
            <file>file:/C:/Users/tasad/Documents/NetBeansProjects/ONLINE%20SHOPPING/src/user/user_dashboard.java</file>
            <file>file:/C:/Users/tasad/Documents/NetBeansProjects/ONLINE%20SHOPPING/src/user/login.java</file>
            <file>file:/C:/Users/tasad/Documents/NetBeansProjects/ONLINE%20SHOPPING/src/user/signup.java</file>
        </group>
    </open-files>
</project-private>
